architecture,concurrency,instances,rps,p50_ms,p95_ms,p99_ms
REST,50,6,2479.1069,19.599999999999998,23.599999999999998,28.5
REST,100,6,2509.6094,38.699999999999996,45.3,54.699999999999996
REST,200,6,2477.8467,78.39999999999999,90.80000000000001,156.4
gRPC,50,1,1155.44,1140.0,1410.0,1430.0
gRPC,100,1,2145.05,0,0,0
gRPC,200,1,1095.28,4480.0,5640.0,5680.0
